BAIRRO,PREÇO POR METRO,UNIDADES RESIDENCIAIS,ÍNDICE DE PRESSÃO,ÁREA TERRITORIAL DISPONÍVEL,SCORE FINAL,INDICE_INFORMALIDADE,RENDA MENSAL,ÍNDICE DE ACESSIBILIDADE
Vidigal,220.8,614,5.0,273701,2.695,0.19614983873339245,2180.9,5.06
Santo Cristo,100.9,3911,1.284,177515,1.293,0.008181014812683983,2795.97,1.8
Jacarepaguá,65.9,36857,1.017,33775508,4.92,0.032546379109813436,2121.84,1.55
Camorim,60.9,4199,1.158,1682679,1.943,0.009834813753325051,2044.91,1.49
Cidade Nova,52.0,1960,1.292,345756,1.441,0.0,2612.06,1.0
Vicente de Carvalho,46.0,5278,1.094,292115,1.327,0.1697875345483741,2366.78,0.97
Catete,137.89999999999998,7211,1.21,217784,1.309,0.09520753658523019,7202.38,0.96
Pitangueiras,42.1,1430,1.324,110168,1.225,0.21124978740944061,2224.82,0.95
Centro,94.9,22557,1.043,106265,1.158,0.00035812454740104683,5090.52,0.93
Estácio,48.3,3814,1.138,36829,1.076,0.12969663924882938,2756.2,0.88
Gardênia Azul,36.9,4203,1.094,277892,1.318,0.14300307923432234,2207.03,0.84
Santa Teresa,74.1,10266,1.077,453588,1.418,0.06612156111782133,4452.81,0.83
Itanhangá,43.2,4513,1.103,4401808,2.491,0.048800589780946396,2588.24,0.83
Catumbi,33.6,2418,1.151,63541,1.124,0.23416594229033735,2102.54,0.8
Santa Cruz,30.05,40897,1.005,23345294,4.208,0.019516712983507233,2231.4,0.67
Del Castilho,49.05,5441,1.097,321941,1.348,0.07735128484973681,3848.61,0.64
Vargem Grande,45.150000000000006,3521,1.139,15572315,3.964,0.007526364805011542,3622.3,0.62
Parada de Lucas,29.2,5906,1.052,115747,1.17,0.1184920385817338,2342.36,0.62
Penha,38.0,14944,1.025,1060606,1.641,0.10312273998708094,3089.56,0.61
Tomás Coelho,33.1,6819,1.051,710011,1.526,0.15462275437118647,2758.79,0.6
Paciência,28.4,15477,1.017,14841011,3.574,0.07068455229660842,2358.03,0.6
Cordovil,28.4,9568,1.03,575130,1.456,0.044495538929824024,2390.03,0.59
Guadalupe,37.0,10160,1.037,413963,1.379,0.13522191887378657,3123.81,0.59
São Francisco Xavier,54.400000000000006,2924,1.204,234010,1.321,0.11883459732801456,4653.59,0.58
Guaratiba,26.35,15864,1.015,35276898,5.0,0.019298303151504645,2283.13,0.58
Rio Comprido,34.8,8898,1.04,433382,1.391,0.1569063498519481,3101.17,0.56
Leme,155.6,5762,1.297,15232,1.036,0.12371059846748989,13824.53,0.56
Inhoaíba,25.15,6730,1.038,2708309,2.082,0.1357200315243759,2271.0,0.55
Inhaúma,28.8,9125,1.032,437197,1.389,0.04322327401930107,2751.68,0.52
Vargem Pequena,42.05,6648,1.067,10011496,3.208,0.015506239893090499,4046.68,0.52
Cosmos,25.3,13755,1.017,4516781,2.388,0.04687908494310461,2411.32,0.52
Cascadura,33.0,8761,1.039,507252,1.428,0.10414498917614137,3236.21,0.51
Senador Vasconcelos,26.5,4470,1.063,2971862,2.166,0.04295333442684535,2652.0,0.5
Glória,80.7,4798,1.184,19044,1.038,0.0,8148.03,0.5
Água Santa,37.95,2206,1.188,938618,1.705,0.026560229471863078,3836.48,0.49
Piedade,32.7,11980,1.027,414532,1.375,0.09775613354675562,3411.23,0.48
Ramos,36.55,10417,1.036,190054,1.233,0.03181034078292053,3860.36,0.47
Bonsucesso,39.25,7383,1.056,175780,1.227,0.018434970180019276,4196.47,0.47
Bangu,24.8,45129,1.003,15392945,3.586,0.04462817787000245,2620.63,0.47
Praça da Bandeira,58.900000000000006,3486,1.185,16642,1.031,0.0,6393.94,0.46
Higienópolis,37.75,5083,1.079,42367,1.078,0.027830459754865887,4104.73,0.46
Sampaio,29.3,2022,1.158,156219,1.237,0.1046314572082553,3268.17,0.45
Realengo,25.75,29277,1.006,3747851,2.244,0.02839722748763898,2929.08,0.44
Maria da Graça,36.1,2777,1.141,12964,1.016,0.0,4083.68,0.44
Copacabana,100.4,75872,1.011,217411,1.246,0.0461067448020414,11850.98,0.42
São Cristóvão,33.55,9018,1.038,357971,1.348,0.0,4017.77,0.42
Urca,128.2,2186,1.65,7355,1.024,0.005451123306181311,15250.62,0.42
Laranjeiras,106.7,19761,1.057,216449,1.26,0.019185857042974173,12930.58,0.41
Lins de Vasconcelos,34.5,9058,1.039,498043,1.423,0.0,4191.57,0.41
Flamengo,100.6,25506,1.041,30889,1.052,0.01308767988574368,12194.52,0.41
Curicica,28.7,6261,1.048,1058481,1.656,0.07548152497426665,3558.87,0.4
Olaria,33.2,15376,1.021,352640,1.338,0.12443125013398472,4174.29,0.4
Riachuelo,36.2,5127,1.075,179589,1.236,0.0,4620.93,0.39
Jardim América,25.5,6313,1.042,223535,1.261,0.014976555712661417,3257.84,0.39
Engenho Novo,31.5,13788,1.022,605366,1.465,0.1238849964726839,3993.23,0.39
Tanque,28.7,5942,1.05,1155738,1.691,0.08956860397702232,3686.06,0.39
Taquara,36.3,32719,1.009,3174771,2.142,0.028540947682006393,4655.31,0.39
Quintino Bocaiúva,28.8,8565,1.034,209404,1.248,0.027388417037889846,3697.15,0.39
Gávea,121.7,6414,1.208,488794,1.499,0.01579524426524668,15733.0,0.39
Pilares,25.75,6903,1.038,104684,1.155,0.09885000028939035,3281.44,0.39
Humaitá,114.4,6964,1.18,197026,1.282,0.004884785351191458,14795.53,0.39
Botafogo,106.2,37501,1.028,274254,1.292,0.02267110424842157,13679.29,0.39
Madureira,26.3,12583,1.02,700308,1.505,0.1178482889463523,3436.78,0.38
Engenho da Rainha,22.75,4228,1.057,814235,1.572,0.0751736461807993,2965.45,0.38
Portuguesa,42.0,6950,1.064,23031,1.037,0.07744697799489117,5536.08,0.38
Praia da Bandeira,38.5,2155,1.196,74329,1.148,0.0,5024.3,0.38
Praça Seca,29.95,16312,1.017,2290394,1.968,0.18934094139424082,3976.69,0.38
Jardim Botânico,129.05,6789,1.208,421699,1.458,0.023404461196427757,17415.02,0.37
Encantado,26.2,4667,1.059,35902,1.064,0.016702516761675973,3644.5,0.36
Osvaldo Cruz,26.65,8344,1.032,144150,1.193,0.0,3650.91,0.36
Engenho de Dentro,33.5,16654,1.019,1856856,1.866,0.02501028568905637,4628.03,0.36
Brás de Pina,19.2,13117,1.013,402500,1.362,0.10145293773201644,2742.46,0.35
Campo Grande,27.0,89855,1.0,26645069,4.415,0.01487380730333084,3814.09,0.35
Irajá,28.2,26601,1.008,800951,1.537,0.023268437746637734,4042.14,0.35
Vaz Lobo,24.1,2860,1.09,190086,1.249,0.11221413356750416,3642.7,0.33
Marechal Hermes,24.2,9598,1.025,424495,1.379,0.07963918233169336,3626.21,0.33
Santíssimo,17.75,4875,1.037,4539029,2.42,0.07246133384837189,2709.51,0.33
Cachambi,37.2,13204,1.028,76274,1.12,0.007549552918169365,5893.61,0.32
Vila Isabel,47.7,27838,1.016,311784,1.311,0.1157750172482162,7408.42,0.32
Campinho,26.9,2269,1.129,128962,1.202,0.08436564994076798,4241.52,0.32
Ipanema,120.05,21788,1.058,10130,1.0,0.021900442315395847,18604.77,0.32
Penha Circular,24.1,12340,1.018,5772935,2.58,0.05901067307999086,3711.33,0.32
Anil,36.2,10877,1.034,614694,1.476,0.07856407841236991,5752.23,0.31
Vila da Penha,34.6,9996,1.035,18140,1.022,0.0,5564.43,0.31
Grajaú,55.900000000000006,13807,1.042,400681,1.374,0.025006119663779157,8945.35,0.31
Abolição,27.75,3821,1.078,20761,1.033,0.0,4661.8,0.3
Tijuca,58.4,49028,1.01,687909,1.494,0.09914102547568883,10097.87,0.29
Andaraí,39.8,12440,1.032,151016,1.199,0.14594501658381415,6959.5,0.29
Bento Ribeiro,22.0,9612,1.022,239241,1.266,0.010366526443414988,3980.06,0.28
Vila Kosmos,17.6,4514,1.04,274414,1.296,0.07066481829637074,3131.46,0.28
Todos os Santos,41.15,8051,1.054,124045,1.179,0.0012674957918959212,7556.04,0.27
Freguesia (Jacarepaguá),46.0,22038,1.02,1211889,1.687,0.02965303978497573,8424.71,0.27
Pechincha,38.85,12647,1.031,294368,1.306,0.01848949508079695,7138.92,0.27
Vista Alegre,25.7,2763,1.1,12291,1.01,0.0,4839.54,0.27
Recreio dos Bandeirantes,66.1,47152,1.012,19171173,3.921,0.017211814509075975,12405.92,0.27
Maracanã,51.25,11655,1.046,46457,1.08,0.0,10384.81,0.25
Jardim Sulacap,29.25,4760,1.065,3833378,2.336,0.0017616136177674986,6017.53,0.24
Lagoa,103.9,9094,1.124,71335,1.131,0.0,21896.96,0.24
Barra da Tijuca,86.5,61796,1.012,15409715,3.611,0.00022075517568468303,17814.71,0.24
Méier,34.9,16931,1.02,38355,1.063,0.0019181016340270285,7332.22,0.24
Jardim Guanabara,45.6,11615,1.04,134343,1.186,0.0044875884825562986,10566.68,0.22
Moneró,33.0,2032,1.177,17288,1.033,0.0,7494.47,0.22
Vila Valqueire,26.8,12381,1.021,650275,1.484,0.020587464102434044,6263.79,0.21
